com.google.android.webview,10000000000
com.android.chrome,10000000000
com.facebook.katana,10000000000
com.google.android.tts,10000000000
com.google.android.googlequicksearchbox,10000000000
com.google.android.apps.restore,10000000000
com.whatsapp,10000000000
com.google.android.inputmethod.latin,10000000000
com.google.android.apps.docs,10000000000
com.google.android.marvin.talkback,10000000000
com.google.android.gms,10000000000
com.google.android.youtube,10000000000
com.google.android.apps.maps,10000000000
com.google.android.gm,10000000000
com.google.android.apps.photos,10000000000
com.google.android.calendar,5000000000
com.google.android.apps.wellbeing,5000000000
com.google.android.apps.youtube.music,5000000000
com.instagram.android,5000000000
com.google.android.apps.tachyon,5000000000
com.google.android.videos,5000000000
com.sec.spp.push,5000000000
com.facebook.orca,5000000000
com.google.ar.core,5000000000
com.google.android.apps.messaging,5000000000
com.google.android.apps.nbu.files,5000000000
com.google.android.projection.gearhead,5000000000
com.google.android.play.games,5000000000
com.google.android.ims,5000000000
com.lemon.lvoverseas,1000000000
jp.naver.line.android,1000000000
com.picsart.studio,1000000000
com.xiaomi.midrop,1000000000
com.linkedin.android,1000000000
com.facebook.lite,1000000000
com.dsi.ant.service.socket,1000000000
com.ludo.king,1000000000
com.imo.android.imoim,1000000000
com.bbk.theme,1000000000
com.google.android.contacts,1000000000
com.twitter.android,1000000000
com.sec.android.app.myfiles,1000000000
com.microsoft.office.word,1000000000
com.miui.weather2,1000000000
com.google.android.apps.searchlite,1000000000
com.fingersoft.hillclimb,1000000000
com.sec.android.app.popupcalculator,1000000000
com.motorola.genie,1000000000
com.google.android.apps.magazines,1000000000
com.transsion.carlcare,1000000000
com.skype.raider,1000000000
com.imangi.templerun2,1000000000
com.google.android.as.oss,1000000000
com.policydm,1000000000
com.mi.android.globalminusscreen,1000000000
com.google.android.apps.docs.editors.slides,1000000000
com.zhiliaoapp.musically,1000000000
com.zhiliaoapp.musically.go,1000000000
com.google.android.apps.translate,1000000000
com.samsung.android.uds,1000000000
com.viber.voip,1000000000
com.outfit7.mytalkingtomfree,1000000000
com.pinterest,1000000000
com.google.android.apps.googleassistant,1000000000
com.vivo.browser,1000000000
com.microsoft.office.excel,1000000000
com.google.android.apps.wallpaper,1000000000
com.google.android.deskclock,1000000000
com.google.android.apps.photosgo,1000000000
com.sec.android.easyMover,1000000000
com.google.ar.lens,1000000000
com.samsung.android.voc,1000000000
com.google.android.dialer,1000000000
com.sec.android.app.voicenote,1000000000
com.google.android.apps.walletnfcrel,1000000000
com.google.android.keep,1000000000
com.google.android.contactkeys,1000000000
com.mxtech.videoplayer.ad,1000000000
com.spotify.music,1000000000
com.samsung.android.calendar,1000000000
com.google.android.apps.subscriptions.red,1000000000
com.whatsapp.w4b,1000000000
com.dsi.ant.plugins.antplus,1000000000
com.microsoft.skydrive,1000000000
com.google.audio.hearing.visualization.accessibility.scribe,1000000000
com.google.android.apps.nbu.paisa.user,1000000000
com.sec.android.app.music,1000000000
com.microsoft.office.outlook,1000000000
com.microsoft.office.officehubrow,1000000000
com.microsoft.office.powerpoint,1000000000
com.samsung.android.app.notes,1000000000
com.lenovo.anyshare.gps,1000000000
com.miniclip.eightballpool,1000000000
com.google.android.accessibility.switchaccess,1000000000
com.sec.android.app.shealth,1000000000
com.google.android.calculator,1000000000
com.samsung.android.oneconnect,1000000000
com.miui.calculator,1000000000
com.UCMobile.intl,1000000000
com.truecaller,1000000000
com.roblox.client,1000000000
com.heytap.pictorial,1000000000
com.dts.freefireth,1000000000
flipboard.boxer.app,1000000000
com.google.android.apps.docs.editors.docs,1000000000
com.sec.android.app.launcher,1000000000
com.miui.player,1000000000
com.kiloo.subwaysurf,1000000000
com.king.candycrushsaga,1000000000
com.google.android.as,1000000000
com.sec.android.app.sbrowser,1000000000
com.dropbox.android,1000000000
com.google.android.apps.books,1000000000
com.mi.android.globalFileexplorer,1000000000
com.sec.app.samsungprintservice,1000000000
com.miui.cleaner,1000000000
com.netflix.mediaclient,1000000000
com.microsoft.appmanager,1000000000
com.samsung.android.lool,1000000000
com.touchtype.swiftkey,1000000000
com.miui.videoplayer,1000000000
com.vivo.website,1000000000
me.pou.app,1000000000
us.zoom.videomeetings,1000000000
com.google.android.apps.assistant,1000000000
com.samsung.android.appseparation,1000000000
org.telegram.messenger,1000000000
com.google.android.apps.docs.editors.sheets,1000000000
com.oppo.quicksearchbox,1000000000
com.samsung.android.email.provider,1000000000
com.sec.android.app.clockpackage,1000000000
com.snapchat.android,1000000000
com.google.android.safetycore,1000000000
com.mygalaxy,500000000
com.dts.freefiremax,500000000
cn.wps.moffice_eng,500000000
video.like,500000000
com.outfit7.mytalkingangelafree,500000000
com.wildspike.wormszone,500000000
com.heytap.mcs,500000000
in.startv.hotstar,500000000
com.skgames.trafficrider,500000000
com.rioo.runnersubway,500000000
com.kwai.video,500000000
com.motorola.help,500000000
com.outfit7.mytalkingtom2,500000000
com.motorola.moto,500000000
com.coloros.weather.service,500000000
com.coloros.gallery3d,500000000
com.google.android.apps.mapslite,500000000
com.einnovation.temu,500000000
com.zaz.translate,500000000
com.coloros.phonemanager,500000000
in.amazon.mShop.android.shopping,500000000
com.innersloth.spacemafia,500000000
com.coloros.video,500000000
com.meesho.supply,500000000
com.coloros.weather2,500000000
net.zedge.android,500000000
com.transsion.magicshow,500000000
com.quicinc.voice.activation,500000000
com.nexstreaming.app.kinemasterfree,500000000
com.google.android.gm.lite,500000000
com.outfit7.mytalkingtomfriends,500000000
net.mobigame.zombietsunami,500000000
com.samsung.memorysaver,500000000
com.tencent.ig,500000000
com.supercell.clashofclans,500000000
com.sec.pcw,500000000
com.ea.game.pvzfree_row,500000000
com.oplus.melody,500000000
com.fgol.HungrySharkEvolution,500000000
com.jio.myjio,500000000
com.heytap.music,500000000
com.transsion.filemanagerx,500000000
com.motorola.ccc.ota,500000000
com.rubygames.assassin,500000000
flipboard.app,500000000
com.playrix.gardenscapes,500000000
com.youmusic.magictiles,500000000
com.nianticlabs.pokemongo,500000000
com.samsung.sree,500000000
com.gamma.scan,500000000
com.robtopx.geometryjumplite,500000000
com.ea.gp.fifamobile,500000000
com.samsung.android.knox.mpos,500000000
com.oplus.games,500000000
com.lazada.android,500000000
com.heytap.browser,500000000
com.mobile.legends,500000000
com.gameloft.android.ANMP.GloftDMHM,500000000
com.outfit7.talkingtom,500000000
com.mi.globalbrowser,500000000
com.quvideo.xiaoying,500000000
com.motorola.timeweatherwidget,500000000
com.google.android.apps.youtube.kids,500000000
com.motorola.motodisplay,500000000
com.motorola.actions,500000000
com.camerasideas.instashot,500000000
sg.bigo.live,500000000
com.transsion.hilauncher,500000000
cn.xender,500000000
com.motorola.fmplayer,500000000
com.google.android.apps.navlite,500000000
com.amazon.avod.thirdpartyclient,500000000
com.imangi.templerun,500000000
com.coloros.scenemode,500000000
com.linecorp.b612.android,500000000
com.google.android.apps.healthdata,500000000
com.transsion.phoenix,500000000
com.starmakerinteractive.starmaker,500000000
com.amazon.mShop.android.shopping,500000000
com.coloros.filemanager,500000000
com.amanotes.beathopper,500000000
com.samsung.android.app.watchmanager,500000000
com.king.candycrushsodasaga,500000000
com.mi.globalminusscreen,500000000
com.google.earth,500000000
com.instagram.lite,500000000
com.playit.videoplayer,500000000
com.canva.editor,500000000
com.ansangha.drdriving,500000000
com.transsion.XOSLauncher,500000000
com.phonepe.app,500000000
com.microsoft.office.onenote,500000000
com.vivo.easyshare,500000000
com.shazam.android,500000000
net.one97.paytm,500000000
air.com.hypah.io.slither,500000000
com.heytap.themestore,500000000
com.google.android.apps.adm,500000000
com.waze,500000000
com.motorola.ccc.notification,500000000
com.coloros.alarmclock,500000000
com.fungames.sniper3d,500000000
com.booking,500000000
com.miniclip.carrom,500000000
com.ubercab,500000000
com.transsion.notebook,500000000
com.contextlogic.wish,500000000
com.discord,500000000
com.google.android.apps.chromecast.app,500000000
com.opera.mini.native,500000000
com.supercell.clashroyale,500000000
com.alibaba.aliexpresshd,500000000
com.google.android.apps.accessibility.voiceaccess,500000000
com.zzkko,500000000
com.halfbrick.fruitninjafree,500000000
com.alibaba.intl.android.apps.poseidon,500000000
com.outfit7.talkingtomgoldrun,500000000
com.trassion.infinix.xclub,500000000
in.mohalla.sharechat,500000000
com.ss.android.ugc.trill,500000000
com.aim.racing,500000000
com.flipkart.android,500000000
com.igg.android.lordsmobile,500000000
com.duolingo,500000000
io.faceapp,500000000
net.bat.store,500000000
com.adobe.reader,500000000
com.hp.android.printservice,500000000
hd.video.downloader.app.hdvideodownloaderapp,100000000
com.orange.kidspiano.music.songs,100000000
com.shaiban.audioplayer.mplayer,100000000
com.impp.construction.simulator.forklift,100000000
com.moonactive.coinmaster,100000000
com.refuelgames.rally,100000000
bubble.shooter.shooting.shoot.game,100000000
com.audiomack,100000000
com.neptune.domino,100000000
com.kayac.ball_run,100000000
com.gismart.realpianofree,100000000
org.mozilla.firefox,100000000
com.ghive.jeep.parking.car.free.game.master.apps,100000000
vault.gallery.lock,100000000
com.motorola.motcameradesktop,100000000
com.candyroom.clubcraft,100000000
com.game.shape.shift,100000000
mobi.gameguru.racingfevermoto,100000000
com.zakg.scaryteacher.hellgame,100000000
br.gov.dataprev.carteiradigital,100000000
com.wondershare.filmorago,100000000
com.chess,100000000
com.crazylabs.lady.bug,100000000
com.asus.weathertime,100000000
com.ea.games.simsfreeplay_row,100000000
com.ea.gp.nbamobile,100000000
com.stickman.warriors.stickwarriors.dragon.shadow.fight,100000000
com.playrix.homescapes,100000000
com.pronetis.ironball2,100000000
com.fingersoft.benjibananas,100000000
video.like.lite,100000000
com.ketchapp.knifehit,100000000
free.vpn.unblock.proxy.vpnmaster,100000000
com.bgg.jump,100000000
com.gamedevltd.wwh,100000000
com.riseup.game,100000000
com.luizalabs.mlapp,100000000
com.game.BMX_Boy,100000000
com.scee.psxandroid,100000000
com.google.android.apps.fitness,100000000
com.appsomniacs.da2,100000000
com.sec.android.autobackup,100000000
downloader.vitmate.downloaderapp,100000000
com.playgendary.tanks,100000000
com.lyrebirdstudio.collage,100000000
com.antivirus,100000000
com.outfit7.talkingben,100000000
ins.story.unfold,100000000
com.downlood.sav.whmedia,100000000
com.kakao.talk,100000000
com.MegaJoy.PrisonBreak68,100000000
com.ohbibi.fps,100000000
com.motionvolt.flipdiving,100000000
com.maxgames.stickwarlegacy,100000000
com.gamexis.racing.ferocity.apps,100000000
com.ismaker.android.simsimi,100000000
com.bubadu.buildergame,100000000
com.no.color,100000000
br.com.vivo,100000000
com.bandlab.bandlab,100000000
com.att.myWireless,100000000
com.bitstrips.imoji,100000000
badminton.king.sportsgame.smash,100000000
com.europosit.pixelcoloring,100000000
com.samsung.android.spay,100000000
com.easytouch.assistivetouch,100000000
com.tocaboca.tocalifeworld,100000000
com.microsoft.teams,100000000
com.telcel.contenedor,100000000
com.miniclip.footballstrike,100000000
com.duokan.phone.remotecontroller,100000000
com.marsvard.stickermakerforwhatsapp,100000000
com.jio.jioplay.tv,100000000
com.masomo.headball2,100000000
com.popularapp.periodcalendar,100000000
com.tocaboca.tocakitchen2,100000000
com.chillingo.robberybobfree.android.row,100000000
com.lidl.eci.lidlplus,100000000
com.motorola.securityhub,100000000
com.airbnb.android,100000000
com.LoopGames.Domino,100000000
musicplayer.playmusic.audioplayer,100000000
com.ixigo.train.ixitrain,100000000
com.microsoft.xboxone.smartglass,100000000
com.simejikeyboard,100000000
com.zhiliao.musically.livewallpaper,100000000
com.topface.kisskiss,100000000
com.evernote,100000000
com.springwalk.mediaconverter,100000000
br.gov.caixa.fgts.trabalhador,100000000
com.dancing.smash.hop.game.tiles.circles.beat.paino,100000000
com.playgendary.bowmasters,100000000
com.horus.beach.head,100000000
pl.lukok.draughts,100000000
com.felicanetworks.mfw.a.boot,100000000
com.cdgames.fidget3d,100000000
com.cocoplay.fashion.style,100000000
com.vcast.mediamanager,100000000
com.baklabs.taxi.two,100000000
tv.accedo.airtel.wynk,100000000
br.com.bb.android,100000000
com.threed.bowling,100000000
com.nextwave.wcc2,100000000
com.google.android.apps.paidtasks,100000000
com.xmgame.savethegirl,100000000
com.king.candycrushjellysaga,100000000
omegle.tv,100000000
com.sbi.lotusintouch,100000000
com.solou.catendless.run,100000000
ru.dublgis.dgismobile,100000000
com.alpha.applock,100000000
com.gma.water.sort.puzzle,100000000
com.ea.games.r3_row,100000000
io.voodoo.holeio,100000000
com.forthblue.pool,100000000
com.tilemaster.puzzle.block.match,100000000
com.eterno.shortvideos,100000000
com.byjus.thelearningapp,100000000
com.ffgames.racingincar,100000000
com.gamedevltd.modernstrike,100000000
com.tinder,100000000
com.valvesoftware.android.steam.community,100000000
com.droidhen.game.racingmoto,100000000
tv.twitch.android.app,100000000
com.hypercarrot.giantrush,100000000
com.firsttouchgames.story,100000000
com.Born2Play.StackyDash,100000000
com.adobe.scan.android,100000000
com.time.trigger,100000000
com.frontrow.vlog,100000000
com.oneplus.account,100000000
com.weather.Weather,100000000
com.fdgentertainment.bananakong,100000000
com.sinyee.babybus.policemen,100000000
com.edujoy.masha.games,100000000
com.tbegames.and.best_moto_race,100000000
com.mt.mtxx.mtxx,100000000
com.halo.wifikey.wifilocating,100000000
com.alphainventor.filemanager,100000000
com.playgendary.creamaster,100000000
com.splendapps.voicerec,100000000
com.rvappstudios.kids.coloring.book.color.painting,100000000
com.blacklightsw.ludo,100000000
com.Dominos,100000000
com.apple.movetoios,100000000
com.bradesco,100000000
com.gameloft.android.ANMP.GloftGGHM,100000000
com.app.rescuecut,100000000
vh.one,100000000
com.mediocre.smashhit,100000000
com.application.zomato,100000000
com.graymatrix.did,100000000
com.whatsapp.wallpaper,100000000
com.lockwoodpublishing.avakinlife,100000000
com.studiosol.palcomp3,100000000
com.dvloper.grannychaptertwo,100000000
com.frojo.moy7,100000000
com.nhn.android.search,100000000
com.amazon.mp3,100000000
com.gamestar.perfectpiano,100000000
in.sweatco.app,100000000
com.bt.bms,100000000
com.sonyericsson.music,100000000
io.teslatech.callbreak,100000000
com.groupon,100000000
com.atpc,100000000
com.zuuks.truck.simulator.euro,100000000
com.budgestudios.googleplay.BarbieDreamhouse,100000000
com.ig.moto.racing,100000000
net.wyvernware.whosthealien,100000000
com.dvloper.granny,100000000
com.kwai.bulldog,100000000
com.ubercab.eats,100000000
com.samsung.android.rajaampat,100000000
im.thebot.messenger,100000000
net.sourceforge.opencamera,100000000
ru.galya.drawjoust,100000000
com.ubisoft.hungrysharkworld,100000000
com.animedressupgames.chibi,100000000
loseweightapp.loseweightappforwomen.womenworkoutathome,100000000
com.playstrom.bob,100000000
com.Rohit.IndianBikes,100000000
trendyol.com,100000000
com.openworldactiongames.ropehero.crime.city,100000000
com.edkongames.mobs,100000000
de.axelspringer.yana.zeropage,100000000
com.ansangha.drparking4,100000000
com.halfbrick.jetpackjoyride,100000000
com.lookout,100000000
com.impp.city.traindriver.simulator,100000000
com.snake.io.slither.worms,100000000
com.fungames.battletanksbeta,100000000
com.life360.android.safetymapd,100000000
com.whereismytrain.android,100000000
com.xvideostudio.videoeditor,100000000
com.mercadopago.wallet,100000000
com.devgame66.csshot,100000000
wp.wattpad,100000000
com.joyjourney.PianoWhiteGo,100000000
com.gameloft.android.ANMP.GloftDOHM,100000000
org.videolan.vlc,100000000
com.gofiveglobal.fashion.dress.up,100000000
com.ction.playergames,100000000
org.zwanoo.android.speedtest,100000000
com.FDGEntertainment.redball4.gp,100000000
br.com.gabba.Caixa,100000000
com.imaginstudio.imagetools.pixellab,100000000
com.mindy.grap1,100000000
me.mycake,100000000
com.tencent.wesing,100000000
com.speedymovil.wire,100000000
com.crazylabs.asmr.cut,100000000
com.rsupport.mvagent,100000000
com.fast.free.unblock.thunder.vpn,100000000
com.rovio.baba,100000000
com.melodis.midomiMusicIdentifier.freemium,100000000
com.oneplus.deskclock,100000000
com.handmark.expressweather,100000000
com.metropcs.metrozone,100000000
com.ecareme.asuswebstorage,100000000
com.kayac.park_master,100000000
com.zing.zalo,100000000
com.dstukalov.walocalstoragestickers,100000000
com.coloros.pictorial,100000000
com.apusapps.launcher,100000000
com.hmdglobal.support,100000000
com.oppanagames.car.simulator,100000000
com.fontskeyboard.fonts,100000000
com.mi.global.shop,100000000
com.dopuz.klotski.riddle,100000000
com.microsoft.emmx,100000000
com.motorola.aiservices,100000000
io.voodoo.crowdcity,100000000
com.alien.shooter.galaxy.attack,100000000
com.flipkart.shopsy,100000000
com.snapdeal.main,100000000
com.sony.snei.np.android.account,100000000
com.fugo.wow,100000000
com.GMA.Ball.Sort.Puzzle,100000000
br.gov.caixa.tem,100000000
com.tubitv,100000000
com.billiards.shooting.ball.pool,100000000
com.gamesforgirlsfree.dressupgames,100000000
com.outfit7.mytalkinghank,100000000
com.ne.hdv,100000000
in.org.npci.upiapp,100000000
com.peacock.flashlight,100000000
com.vsco.cam,100000000
ru.rostel,100000000
nic.goi.aarogyasetu,100000000
com.joom,100000000
com.disney.wheresmywater2_goo,100000000
pdf.tap.scanner,100000000
com.turborocketgames.wildcraft,100000000
ee.mtakso.client,100000000
com.commsource.beautyplus,100000000
com.amelosinteractive.snake,100000000
com.rovio.BadPiggies,100000000
com.mercadolibre,100000000
puzzle.blockpuzzle.cube.relax,100000000
com.supertapx.lovedots,100000000
com.imo.android.imoimbeta,100000000
jp.naver.linecamera.android,100000000
com.pjmasks.moonlightheroes,100000000
glitchvideoeditor.videoeffects.glitchvideoeffect,100000000
com.axlebolt.standoff2,100000000
com.oppo.music,100000000
com.playmini.miniworld,100000000
com.lszenlamzr.parkingjam,100000000
com.opera.app.news,100000000
com.easygames.race,100000000
com.mate.vpn,100000000
com.handycloset.android.eraser,100000000
com.dagtirmanma.oyunu,100000000
com.nekki.vector,100000000
com.kwai.kuaishou.video.live,100000000
com.mgc.runnergame,100000000
com.billiards.city.pool.nation.club,100000000
videoplayer.videodownloader.downloader,100000000
ru.yandex.yandexmaps,100000000
com.vuclip.viu,100000000
com.BallGames.Woodturning,100000000
com.pandora.android,100000000
com.bl.critical.strike,100000000
com.jio.media.ondemand,100000000
com.hecorat.screenrecorder.free,100000000
com.b2w.americanas,100000000
com.mgc.miami.crime.simulator.two,100000000
candymanor.homedesign.match3,100000000
com.craftsman.go,100000000
com.shape.change,100000000
com.mobilityware.solitaire,100000000
com.finshell.fin,100000000
com.sdpgames.sculptpeople,100000000
com.soundcloud.android,100000000
br.gov.meugovbr,100000000
zombie.survival.craft.z,100000000
com.tapped.drawrider,100000000
com.jb.gokeyboard,100000000
com.drweb,100000000
com.musicplayer.music,100000000
com.nordcurrent.canteenhd,100000000
com.loudtalks,100000000
com.fa.gym.fighting.game,100000000
com.zing.mp3,100000000
com.igg.castleclash,100000000
com.sharekaro.app,100000000
com.transsion.magazineservice.xos,100000000
com.grabtaxi.passenger,100000000
com.Celltop.SpiralRoll,100000000
com.baviux.voicechanger,100000000
at.ner.lepsWorld2,100000000
ru.ok.android,100000000
mbinc12.mb32b,100000000
ru.yandex.taxi,100000000
com.playgendary.kickthebuddy,100000000
com.lionstudios.mrbullet,100000000
com.amazon.dee.app,100000000
kjv.bible.kingjamesbible,100000000
com.venticake.retrica,100000000
com.global.foodpanda.android,100000000
com.emoji.coolkeyboard,100000000
com.mi.android.globallauncher,100000000
com.king.farmheroessaga,100000000
com.ezt.pdfreader.pdfviewer,100000000
com.sinyee.babybus.tailor,100000000
com.fanatee.cody,100000000
com.playgendary.sportmasters,100000000
com.motorola.camera3.content.ai,100000000
com.ticno.olymptrade,100000000
com.freeplay.runandfight,100000000
com.jetstartgames.chess,100000000
com.game.foldpuzzle,100000000
com.intsig.camscanner,100000000
com.google.android.youtube.tv,100000000
com.moonfrog.ludo.club,100000000
eu.nordeus.topeleven.android,100000000
free.vpn.unblock.proxy.vpn.master.pro,100000000
com.yandex.browser,100000000
com.playstrom.drawonepart,100000000
com.halfbrick.dantheman,100000000
com.superplusgames.hosandroid,100000000
com.topfreegames.bikeracefreeworld,100000000
com.gameresort.stupidzombies,100000000
com.lbe.parallel.intl,100000000
gg.sunday.catescape,100000000
in.mohalla.video,100000000
com.newnormalgames.phonecasediy,100000000
com.bitsmedia.android.muslimpro,100000000
com.gameloft.android.ANMP.GloftA8HM,100000000
com.higgs.tilemaster3d,100000000
com.ducky.bikehill3d,100000000
com.supercell.boombeach,100000000
com.didiglobal.passenger,100000000
com.azure.authenticator,100000000
com.unicostudio.braintest,100000000
com.shopee.br,100000000
com.adsk.sketchbook,100000000
com.google.android.tvrecommendations,100000000
com.dodreams.driveahead,100000000
ocean.nomad.survival.simulator,100000000
com.outfit7.mytalkingangela2,100000000
com.JindoBlu.Antistress,100000000
com.musicplayer.player.mp3player.white,100000000
com.gameloft.android.ANMP.GloftA9HM,100000000
com.nu.production,100000000
com.disney.disneyplus,100000000
com.arcsys.tictactoe,100000000
air.com.lunime.gachalife,100000000
com.SGS.DrivingSchoolGames.RealCarParkingSimulator,100000000
menloseweight.loseweightappformen.weightlossformen,100000000
com.google.android.apps.kids.familylink,100000000
com.wildberries.ru,100000000
com.Lightneer.BazookaBoy,100000000
com.bubadu.supermarket,100000000
io.chingari.app,100000000
com.tfgco.games.sports.free.tennis.clash,100000000
com.fundevs.app.mediaconverter,100000000
com.sofeh.android.musicstudio3,100000000
com.walmart.android,100000000
com.apple.android.music,100000000
com.ubercab.driver,100000000
com.opera.mini.native.beta,100000000
com.fun.games.commando.black.shadow,100000000
com.playgendary.hitmasters,100000000
com.matteljv.uno,100000000
cn.xiaofengkj.fitpro,100000000
com.knockdown.bottle.game,100000000
com.smule.singandroid,100000000
com.miniclip.cricketleague,100000000
com.spilgames.UphillRush,100000000
com.easybrain.jigsaw.puzzles,100000000
com.miui.huanji,100000000
com.google.android.apps.authenticator2,100000000
com.rovio.angrybirdsfriends,100000000
com.mobikwik_new,100000000
com.tellurionmobile.realmcraft,100000000
com.accuweather.android,100000000
in.gov.uidai.mAadhaarPlus,100000000
com.sinyee.babybus.icecream,100000000
com.playrix.fishdomdd.gplay,100000000
com.lgeha.nuts,100000000
com.kitkagames.fallbuddies,100000000
com.vivashow.share.video.chat,100000000
jp.ne.ibis.ibispaintx.app,100000000
com.domobile.applockwatcher,100000000
com.snowcorp.stickerly.android,100000000
com.heytap.usercenter,100000000
com.dreamgames.royalmatch,100000000
net.peakgames.amy,100000000
com.seenax.HideAndSeek,100000000
com.teacapps.barcodescanner,100000000
mobi.gameguru.slapkings,100000000
codematics.universal.tv.remote.control,100000000
com.snowcorp.vita,100000000
com.utorrent.client,100000000
com.imdb.mobile,100000000
com.mobirix.swipebrick2,100000000
com.fluffyfairygames.idleminertycoon,100000000
com.vectorunit.purple.googleplay,100000000
com.snap.camerakit.plugin.v1,100000000
vsin.t16_funny_photo,100000000
com.master.hotelmaster,100000000
com.bilkon.easypiano,100000000
com.muscle.rush,100000000
com.google.android.apps.classroom,100000000
com.zeptolab.ctr.ads,100000000
com.rollic.tanglemaster3D,100000000
com.vladk.pipemasters,100000000
com.hp.printercontrol,100000000
com.superbinogo.jungleboyadventure,100000000
com.youdao.hindict,100000000
org.altruist.BajajExperia,100000000
com.JindoBlu.TwoPlayerGamesChallenge,100000000
com.wordsmobile.RealBikeRacing,100000000
com.mobisystems.fileman,100000000
com.outfit7.talkingtom2free,100000000
io.voodoo.paper2,100000000
pdf.pdfreader.viewer.editor.free,100000000
com.google.android.tvlauncher,100000000
com.ea.game.simcitymobile_row,100000000
com.myairtelapp,100000000
com.nintendo.zaka,100000000
jpark.AOS5,100000000
photo.editor.photoeditor.photoeditorpro,100000000
com.supercell.brawlstars,100000000
com.mastercomlimited.cardriving_t,100000000
com.football.soccer.league,100000000
com.bstar.intl,100000000
com.reddit.frontpage,100000000
com.skgames.trafficracer,100000000
com.yahoo.mobile.client.android.mail,100000000
com.gzl.drivebus.parking.game,100000000
com.cassette.aquapark,100000000
com.michatapp.im,100000000
de.wetteronline.wetterapp,100000000
roll.unblock.ball.block.puzzle,100000000
com.audible.application,100000000
air.com.aceviral.motox3m,100000000
hd.camera,100000000
com.YovoGames.hair,100000000
com.outfit7.talkinggingerfree,100000000
com.king.bubblewitch3,100000000
com.cyworld.camera,100000000
com.maleo.bussimulatorid,100000000
ru.mail.mailapp,100000000
com.vido.particle.ly.lyrical.status.maker,100000000
com.miniclip.agar.io,100000000
com.harvest.io,100000000
com.teenpatti.hd.gold,100000000
com.radio.pocketfm,100000000
com.maroieqrwlk.unpin,100000000
com.azarlive.android,100000000
com.sgs.antiterrorism.counterattack.commandomissiongame,100000000
com.samsung.ecomm.global.in,100000000
com.mmircil.cnb2,100000000
com.playrix.township,100000000
com.paurau.MakeHer,100000000
com.piriform.ccleaner,100000000
com.freeplay.twerk,100000000
com.taxis99,100000000
com.jb.gosms,100000000
com.lazygeniouz.saveit,100000000
com.samsung.android.homemode,100000000
com.blackout.bubble,100000000
com.mcdonalds.mobileapp,100000000
com.fitbit.FitbitMobile,100000000
com.igoldtech.streetchaser,100000000
com.ironmeta.security.turbo.proxy.vpntomato.pro,100000000
com.miHoYo.GenshinImpact,100000000
com.tripadvisor.tripadvisor,100000000
com.tapblaze.pizzabusiness,100000000
com.truedevelopersstudio.automatictap.autoclicker,100000000
com.blockchainvault,100000000
loseweight.weightloss.workout.fitness,100000000
com.wildlife.games.battle.royale.free.zooba,100000000
com.tiramisu.driftmax2,100000000
com.globo.globotv,100000000
com.shopee.id,100000000
free.video.downloader.freevideodownloader,100000000
com.tutotoons.app.fluvsies.free,100000000
com.radio.fmradio,100000000
com.myfitnesspal.android,100000000
com.cardfeed.video_public,100000000
com.iqoption,100000000
com.wordsmobile.gunship,100000000
com.mobirix.fishinghook,100000000
com.wn.hairtattoo,100000000
com.wb.goog.mkx,100000000
com.ea.game.nfs14_row,100000000
org.thoughtcrime.securesms,100000000
com.pubg.imobile,100000000
com.google.android.apps.youtube.creator,100000000
com.olx.southasia,100000000
com.nglreactnative,100000000
com.samsung.android.app.powerplanning,100000000
com.geishatokyo.trafficrun,100000000
com.game.space.shooter2,100000000
mini.block.craft.free.mc,100000000
com.ebay.mobile,100000000
com.alightcreative.motion,100000000
com.yy.hiyo,100000000
com.block.jigsaw.puzzle.gallery,100000000
ru.yandex.searchplugin,100000000
com.gameswing.offroad.oiltankertransport.truckdriving.simulator.game,100000000
tw.mobileapp.qrcode.banner,100000000
com.biglime.cookingmadness,100000000
com.trivago,100000000
com.miniclip.plagueinc,100000000
com.bigduckgames.flow,100000000
com.felicanetworks.mfc,100000000
com.mgc.RopeHero.ViceTown,100000000
com.callapp.contacts,100000000
com.miniclip.basketballstars,100000000
com.midasplayer.apps.bubblewitchsaga2,100000000
com.myntra.android,100000000
com.sinyee.babybus.care,100000000
com.yalla.yallagames,100000000
com.jrzheng.supervpnfree,100000000
com.transsion.healthlife,100000000
com.telkomsel.telkomselcm,100000000
com.razmobi.monstertrucks2,100000000
app.source.getcontact,100000000
kik.android,100000000
com.badoo.mobile,100000000
com.YovoGames.dentist,100000000
com.ketchapp.rider,100000000
com.miracle.savethedoge.an,100000000
com.adobe.lrmobile,100000000
com.movile.playkids.pkxd,100000000
all.video.downloader.allvideodownloader,100000000
com.TeamTerrible.BabyInYellow,100000000
com.themausoft.wpsapp,100000000
com.openai.chatgpt,100000000
free.tube.premium.advanced.tuber,100000000
com.sega.sonicboomandroid,100000000
es.socialpoint.DragonCity,100000000
com.mojang.minecrafttrialpe,100000000
ridmik.keyboard,100000000
com.playgendary.ktbremaster,100000000
paint.by.number.pixel.art.coloring.drawing.puzzle,100000000
com.atomic.apps.ringtone.cutter,100000000
com.turner.tooncup,100000000
com.dubox.drive,100000000
com.adobe.psmobile,100000000
fb.video.downloader,100000000
com.motorola.gamemode,100000000
media.music.musicplayer,100000000
sharefiles.sharemusic.shareapps.filetransfer,100000000
fi.twomenandadog.zombiecatchers,100000000
com.weieyu.yalla,100000000
com.amazon.kindle,100000000
com.fungames.blockcraft,100000000
com.melesta.coffeeshop,100000000
com.samsung.android.service.health,100000000
proxy.browser.unblock.sites.proxybrowser.unblocksites,100000000
com.crunchyroll.crunchyroid,100000000
com.bible.kids,100000000
game.piano.music.tiles.challenge,100000000
com.cricbuzz.android,100000000
com.mast.status.video.edit,100000000
com.amanotes.pamadancingroad,100000000
pampam.ibf2,100000000
free.os.jump.superbros.adventure.world,100000000
com.gaana,100000000
com.glance.internet,100000000
com.yodo1.crossyroad,100000000
com.colorup.game,100000000
screenrecorder.recorder.editor,100000000
com.outfit7.gingersbirthdayfree,100000000
com.binance.dev,100000000
com.water.balls,100000000
com.teamviewer.teamviewer.market.mobile,100000000
mega.privacy.android.app,100000000
com.namcobandaigames.pacmantournaments,100000000
com.howtoloot.pullpin.herorescue,100000000
com.launcher.ios11.iphonex,100000000
org.ppsspp.ppsspp,100000000
com.pd.vehiclemasters,100000000
br.com.brainweb.ifood,100000000
com.sinyee.babybus.shopping,100000000
com.bigwinepot.nwdn.international,100000000
com.srin.indramayu,100000000
com.videoeditorpro.android,100000000
com.google.android.apps.mediashell,100000000
com.fast.free.unblock.secure.vpn,100000000
com.orange.coloring.learn.kids,100000000
video.reface.app,100000000
com.google.zxing.client.android,100000000
com.perfect.slices,100000000
com.pixonic.wwr,100000000
com.blackout.word,100000000
com.soccer.score.star,100000000
com.leftover.CoinDozer,100000000
com.turbo.stars,100000000
com.touchtao.soccerkinggoogle,100000000
com.gjg.colorfill3d,100000000
com.hitrock.hideonline,100000000
com.shopee.ph,100000000
com.netmarble.mherosgb,100000000
com.activision.callofduty.shooter,100000000
com.episodeinteractive.android.catalog,100000000
com.theonegames.gunshipbattle,100000000
in.swiggy.android,100000000
com.uc.browser.en,100000000
com.sec.penup,100000000
game.bubble.shooter.dragon.pop,100000000
com.agminstruments.drumpadmachine,100000000
com.submarineapps.mill,100000000
eu.inlogic.footballcup2018.gplay,100000000
com.supercell.hayday,100000000
com.gokids.transportbuilding,100000000
com.piano.tiles.music.game.circles.dancing.beat.magictiles,100000000
shareit.lite,100000000
com.cyberlink.youcammakeup,100000000
com.sir.racing.ultimatecardrivingsimulator,100000000
com.wallpaperscraft.wallpaper,100000000
com.paypal.android.p2pmobile,100000000
com.Bingo.Fighter,100000000
com.dramaton.slime,100000000
com.bitmango.rolltheballunrollme,100000000
com.kabam.marvelbattle,100000000
com.PoxelStudios.DudeTheftAuto,100000000
com.digilocker.android,100000000
com.ibragunduz.applockpro,100000000
com.ForgeGames.SpecialForcesGroup2,100000000
com.disney.frozensaga_goo,100000000
com.paradyme.solarsmash,100000000
com.generagames.resistance,100000000
com.cam001.selfie,100000000
com.game.colorroll3d,100000000
homeworkout.homeworkouts.noequipment,100000000
com.notdoppler.earntodie2,100000000
com.transsion.magazineservice.hios,100000000
com.zeptolab.ctr2.f2p.google,100000000
com.comuto,100000000
com.sony.nfx.app.sfrc,100000000
com.slippy.linerusher,100000000
com.cg.cowboy,100000000
com.superking.parchisi.star,100000000
com.claroColombia.contenedor,100000000
com.cyberlink.powerdirector.DRA140225_01,100000000
com.sinyee.babybus.restaurant,100000000
at.nerbrothers.SuperJump,100000000
com.google.android.katniss,100000000
video.downloader.videodownloader,100000000
com.crazylabs.soap.cutting,100000000
tv.pluto.android,100000000
com.easybrain.make.music,100000000
com.weegoon.thiefpuzzle,100000000
com.instagram.barcelona,100000000
com.edjing.edjingdjturntable,100000000
com.picslab.neon.editor,100000000
com.gotv.nflgamecenter.us.lite,100000000
com.sinyee.babybus.world,100000000
com.ffgames.racingincar2,100000000
com.dewmobile.kuaiya.play,100000000
com.google.android.accessibility.soundamplifier,100000000
com.playstrom.dop4,100000000
com.asus.calculator,100000000
com.crazylabs.acrylic.nails,100000000
com.psiphon3.subscription,100000000
com.Earthkwak.Platformer,100000000
com.topgamesinc.evony,100000000
com.instabridge.android,100000000
com.enflick.android.TextNow,100000000
com.mind.quiz.brain.out,100000000
com.netflix.ninja,100000000
com.facebook.pages.app,100000000
com.niksoftware.snapseed,100000000
com.ovelin.guitartuna,100000000
com.fidgettrading.game,100000000
com.dv.adm,100000000
com.gismart.guitar,100000000
com.mobisystems.office,100000000
com.demin.emojipuzzle,100000000
com.calculator.hideu,100000000
sinet.startup.inDriver,100000000
com.xiaomi.hm.health,100000000
jp.konami.pesam,100000000
com.sonyliv,100000000
com.microblink.photomath,100000000
line.color.adventure,100000000
com.sega.sonicdash,100000000
ru.zdevs.zarchiver,100000000
com.kayac.level_up_number,100000000
com.dimcoms.checkers,100000000
com.google.android.leanbacklauncher,100000000
com.Neurononfire.SupremeDuelist,100000000
com.outfit7.talkingangelafree,100000000
com.gta.truck.driver.city.crush,100000000
com.zeptolab.cats.google,100000000
com.unicostudio.braintest2new,100000000
com.celltick.lockscreen,100000000
com.afmobi.boomplayer,100000000
com.felicanetworks.mfm.main,100000000
com.etermax.preguntados.lite,100000000
com.firsttouchgames.smp,100000000
com.criticalforceentertainment.criticalops,100000000
com.socialnmobile.dictapps.notepad.color.note,100000000
com.cdg.tictactoe,100000000
com.picpay,100000000
com.jimaapps.city.coach.bus.simulator.driving,100000000
com.robtopx.geometrydashmeltdown,100000000
com.litatom.app,100000000
com.pixel.gun3d,100000000
com.blendergame.smash,100000000
com.talpa.hibrowser,100000000
com.myyearbook.m,100000000
com.imo.android.imoimhd,100000000
com.tokopedia.tkpd,100000000
com.netqin.ps,100000000
com.ht.mini.car.raceway.endless.drive,100000000
com.crazylabs.sausage.run,100000000
air.WR3DFree,100000000
com.redforcegames.stack.colors,100000000
com.psafe.msuite,100000000
net.mbc.shahid,100000000
com.gameloft.android.ANMP.GloftFWHM,100000000
